timestamp,username,password,src_ip,eventid,username_enc,password_enc,src_ip_enc,eventid_enc,hour,src_ip_attempts,password_attempts,anomaly
2025-07-04 22:27:31.726,root,[Ahata,127.0.0.1,cowrie.login.failed,0,1,0,0,22,182,1,-1
2025-07-04 22:25:02.863,root,[A1234,127.0.0.1,cowrie.login.failed,0,0,0,0,22,182,1,-1
2025-07-04 21:42:45.909,root,4321,127.0.0.1,cowrie.login.failed,0,7,0,0,21,182,1,-1
2025-07-04 21:42:19.886,root,denemepassword,127.0.0.1,cowrie.login.failed,0,17,0,0,21,182,1,-1
2025-06-25 12:56:57.015,root,1234,127.0.0.1,cowrie.login.failed,0,2,0,0,12,182,89,-1
2025-06-25 02:14:46.291,root,CAMASIRLARI_YIKA_MORUK,127.0.0.1,cowrie.login.failed,0,9,0,0,2,182,1,-1
2025-06-25 02:14:24.105,root,camasÄ±rlarÄ±_yÄ±ka_moruk,127.0.0.1,cowrie.login.failed,0,16,0,0,2,182,1,-1
2025-06-24 17:51:33.284,root,yanlÄ±s,127.0.0.1,cowrie.login.failed,0,24,0,0,17,182,3,-1
2025-06-24 17:51:33.284,root,yanlÄ±s,127.0.0.1,cowrie.login.failed,0,24,0,0,17,182,3,-1
2025-06-24 17:51:33.284,root,yanlÄ±s,127.0.0.1,cowrie.login.failed,0,24,0,0,17,182,3,-1
